,date_RU,ncumul_conf_RU,new_cases_RU
0,2020-03-12,34.0,34.0
1,2020-03-13,45.0,11.0
2,2020-03-14,59.0,14.0
3,2020-03-15,63.0,4.0
4,2020-03-16,91.0,28.0
5,2020-03-17,114.0,23.0
6,2020-03-18,147.0,33.0
7,2020-03-19,199.0,52.0
8,2020-03-20,253.0,54.0
9,2020-03-21,306.0,53.0
10,2020-03-22,367.0,61.0
11,2020-03-23,438.0,71.0
12,2020-03-24,495.0,57.0
13,2020-03-25,658.0,163.0
14,2020-03-26,840.0,182.0
15,2020-03-27,1036.0,196.0
16,2020-03-28,1264.0,228.0
17,2020-03-29,1534.0,270.0
18,2020-03-30,1836.0,302.0
19,2020-03-31,2337.0,501.0
20,2020-04-01,2777.0,440.0
21,2020-04-02,3548.0,771.0
22,2020-04-03,4149.0,601.0
23,2020-04-04,4731.0,582.0
24,2020-04-05,5389.0,658.0
25,2020-04-06,6343.0,954.0
26,2020-04-07,7497.0,1154.0
27,2020-04-08,8672.0,1175.0
28,2020-04-09,10131.0,1459.0
29,2020-04-10,11917.0,1786.0
30,2020-04-11,13584.0,1667.0
31,2020-04-12,15759.0,2175.0
32,2020-04-13,18328.0,2569.0
33,2020-04-14,21102.0,2774.0
34,2020-04-15,24490.0,3388.0
35,2020-04-16,27938.0,3448.0
36,2020-04-17,32008.0,4070.0
37,2020-04-18,36793.0,4785.0
38,2020-04-19,42853.0,6060.0
39,2020-04-20,47121.0,4268.0
40,2020-04-21,52763.0,5642.0
41,2020-04-22,57999.0,5236.0
42,2020-04-23,62773.0,4774.0
43,2020-04-24,68622.0,5849.0
44,2020-04-25,74588.0,5966.0
45,2020-04-26,80949.0,6361.0
46,2020-04-27,87147.0,6198.0
47,2020-04-28,93558.0,6411.0
48,2020-04-29,99399.0,5841.0
49,2020-04-30,106498.0,7099.0
50,2020-05-01,114431.0,7933.0
51,2020-05-02,124054.0,9623.0
52,2020-05-03,134687.0,10633.0
53,2020-05-04,145268.0,10581.0
54,2020-05-05,155370.0,10102.0
55,2020-05-06,165929.0,10559.0
56,2020-05-07,177160.0,11231.0
57,2020-05-08,187859.0,10699.0
58,2020-05-09,198676.0,10817.0
59,2020-05-10,209688.0,11012.0
60,2020-05-11,221344.0,11656.0
61,2020-05-12,232243.0,10899.0
62,2020-05-13,242271.0,10028.0
63,2020-05-14,252245.0,9974.0
64,2020-05-15,262843.0,10598.0
65,2020-05-16,272043.0,9200.0
66,2020-05-17,281752.0,9709.0
67,2020-05-18,290678.0,8926.0
68,2020-05-19,299941.0,9263.0
69,2020-05-20,308705.0,8764.0
70,2020-05-21,317554.0,8849.0
71,2020-05-22,326448.0,8894.0
72,2020-05-23,335882.0,9434.0
73,2020-05-24,344481.0,8599.0
74,2020-05-25,353427.0,8946.0
75,2020-05-26,362342.0,8915.0
76,2020-05-27,370680.0,8338.0
77,2020-05-28,379051.0,8371.0
78,2020-05-29,387623.0,8572.0
79,2020-05-30,396575.0,8952.0
80,2020-05-31,405843.0,9268.0
81,2020-06-01,414878.0,9035.0
82,2020-06-02,423741.0,8863.0
83,2020-06-03,432277.0,8536.0
84,2020-06-04,441108.0,8831.0
85,2020-06-05,449834.0,8726.0
86,2020-06-06,458689.0,8855.0
87,2020-06-07,467673.0,8984.0
88,2020-06-08,476658.0,8985.0
89,2020-06-09,485253.0,8595.0
90,2020-06-10,493657.0,8404.0
91,2020-06-11,502436.0,8779.0
92,2020-06-12,511423.0,8987.0
93,2020-06-13,520129.0,8706.0
94,2020-06-14,528964.0,8835.0
95,2020-06-15,537210.0,8246.0
96,2020-06-16,545458.0,8248.0
97,2020-06-17,553301.0,7843.0
98,2020-06-18,561091.0,7790.0
99,2020-06-19,569063.0,7972.0
100,2020-06-20,576952.0,7889.0
101,2020-06-21,584680.0,7728.0
102,2020-06-22,592280.0,7600.0
103,2020-06-23,599705.0,7425.0
104,2020-06-24,606881.0,7176.0
105,2020-06-25,613994.0,7113.0
106,2020-06-26,620794.0,6800.0
107,2020-06-27,627646.0,6852.0
108,2020-06-28,634437.0,6791.0
109,2020-06-29,641156.0,6719.0
110,2020-06-30,647849.0,6693.0
111,2020-07-01,654405.0,6556.0
112,2020-07-02,661165.0,6760.0
113,2020-07-03,667883.0,6718.0
114,2020-07-04,674515.0,6632.0
115,2020-07-05,681251.0,6736.0
116,2020-07-06,687862.0,6611.0
117,2020-07-07,694230.0,6368.0
118,2020-07-08,700792.0,6562.0
119,2020-07-09,707301.0,6509.0
120,2020-07-10,713936.0,6635.0
121,2020-07-11,720547.0,6611.0
122,2020-07-12,727162.0,6615.0
123,2020-07-13,733699.0,6537.0
124,2020-07-14,739947.0,6248.0
125,2020-07-15,746369.0,6422.0
126,2020-07-16,752797.0,6428.0
127,2020-07-17,759203.0,6406.0
128,2020-07-18,765437.0,6234.0
129,2020-07-19,771546.0,6109.0
130,2020-07-20,777486.0,5940.0
131,2020-07-21,783328.0,5842.0
132,2020-07-22,789190.0,5862.0
133,2020-07-23,795038.0,5848.0
134,2020-07-24,800849.0,5811.0
135,2020-07-25,806720.0,5871.0
136,2020-07-26,812485.0,5765.0
137,2020-07-27,818120.0,5635.0
138,2020-07-28,823515.0,5395.0
139,2020-07-29,828990.0,5475.0
140,2020-07-30,834499.0,5509.0
141,2020-07-31,839981.0,5482.0
142,2020-08-01,845443.0,5462.0
143,2020-08-02,850870.0,5427.0
144,2020-08-03,856264.0,5394.0
145,2020-08-04,861423.0,5159.0
146,2020-08-05,866627.0,5204.0
147,2020-08-06,871894.0,5267.0
148,2020-08-07,877135.0,5241.0
149,2020-08-08,882347.0,5212.0
150,2020-08-09,887536.0,5189.0
151,2020-08-10,892654.0,5118.0
152,2020-08-11,897599.0,4945.0
153,2020-08-12,902701.0,5102.0
154,2020-08-13,907758.0,5057.0
155,2020-08-14,912823.0,5065.0
156,2020-08-15,917884.0,5061.0
157,2020-08-16,922853.0,4969.0
158,2020-08-17,927745.0,4892.0
159,2020-08-18,932493.0,4748.0
160,2020-08-19,937321.0,4828.0
161,2020-08-20,942106.0,4785.0
162,2020-08-21,946976.0,4870.0
163,2020-08-22,951897.0,4921.0
164,2020-08-23,956749.0,4852.0
165,2020-08-24,961493.0,4744.0
166,2020-08-25,966189.0,4696.0
167,2020-08-26,970865.0,4676.0
168,2020-08-27,975576.0,4711.0
169,2020-08-28,980405.0,4829.0
170,2020-08-29,985346.0,4941.0
171,2020-08-30,990326.0,4980.0
172,2020-08-31,995319.0,4993.0
173,2020-09-01,1000048.0,4729.0
174,2020-09-02,1005000.0,4952.0
175,2020-09-03,1009995.0,4995.0
176,2020-09-04,1015105.0,5110.0
177,2020-09-05,1020310.0,5205.0
178,2020-09-06,1025505.0,5195.0
179,2020-09-07,1030690.0,5185.0
180,2020-09-08,1035789.0,5099.0
181,2020-09-09,1041007.0,5218.0
182,2020-09-10,1046370.0,5363.0
183,2020-09-11,1051874.0,5504.0
184,2020-09-12,1057362.0,5488.0
185,2020-09-13,1062811.0,5449.0
186,2020-09-14,1068320.0,5509.0
187,2020-09-15,1073849.0,5529.0
188,2020-09-16,1079519.0,5670.0
189,2020-09-17,1085281.0,5762.0
190,2020-09-18,1091186.0,5905.0
191,2020-09-19,1097251.0,6065.0
192,2020-09-20,1103399.0,6148.0
193,2020-09-21,1109595.0,6196.0
194,2020-09-22,1115810.0,6215.0
195,2020-09-23,1122241.0,6431.0
196,2020-09-24,1128836.0,6595.0
197,2020-09-25,1136048.0,7212.0
198,2020-09-26,1143571.0,7523.0
199,2020-09-27,1151438.0,7867.0
200,2020-09-28,1159573.0,8135.0
201,2020-09-29,1167805.0,8232.0
202,2020-09-30,1176286.0,8481.0
203,2020-10-01,1185231.0,8945.0
204,2020-10-02,1194643.0,9412.0
205,2020-10-03,1204502.0,9859.0
206,2020-10-04,1215001.0,10499.0
207,2020-10-05,1225889.0,10888.0
208,2020-10-06,1237504.0,11615.0
209,2020-10-07,1248619.0,11115.0
210,2020-10-08,1260112.0,11493.0
211,2020-10-09,1272238.0,12126.0
212,2020-10-10,1285084.0,12846.0
213,2020-10-11,1298718.0,13634.0
214,2020-10-12,1312310.0,13592.0
215,2020-10-13,1326178.0,13868.0
216,2020-10-14,1340409.0,14231.0
217,2020-10-15,1354163.0,13754.0
218,2020-10-16,1369313.0,15150.0
219,2020-10-17,1384235.0,14922.0
220,2020-10-18,1399334.0,15099.0
221,2020-10-19,1415316.0,15982.0
222,2020-10-20,1431635.0,16319.0
223,2020-10-21,1447335.0,15700.0
224,2020-10-22,1463306.0,15971.0
225,2020-10-23,1480646.0,17340.0
226,2020-10-24,1497167.0,16521.0
227,2020-10-25,1513877.0,16710.0
228,2020-10-26,1531224.0,17347.0
229,2020-10-27,1547774.0,16550.0
230,2020-10-28,1563976.0,16202.0
231,2020-10-29,1581693.0,17717.0
232,2020-10-30,1599976.0,18283.0
233,2020-10-31,1618116.0,18140.0
234,2020-11-01,1636781.0,18665.0
235,2020-11-02,1655038.0,18257.0
236,2020-11-03,1673686.0,18648.0
237,2020-11-04,1693454.0,19768.0
238,2020-11-05,1712858.0,19404.0
239,2020-11-06,1733440.0,20582.0
240,2020-11-07,1753836.0,20396.0
241,2020-11-08,1774334.0,20498.0
242,2020-11-09,1796132.0,21798.0
243,2020-11-10,1817109.0,20977.0
244,2020-11-11,1836960.0,19851.0
245,2020-11-12,1858568.0,21608.0
246,2020-11-13,1880551.0,21983.0
247,2020-11-14,1903253.0,22702.0
248,2020-11-15,1925825.0,22572.0
249,2020-11-16,1948603.0,22778.0
250,2020-11-17,1971013.0,22410.0
251,2020-11-18,1991998.0,20985.0
252,2020-11-19,2015608.0,23610.0
253,2020-11-20,2039926.0,24318.0
254,2020-11-21,2064748.0,24822.0
255,2020-11-22,2089329.0,24581.0
256,2020-11-23,2114502.0,25173.0
257,2020-11-24,2138828.0,24326.0
258,2020-11-25,2162503.0,23675.0
259,2020-11-26,2187990.0,25487.0
260,2020-11-27,2215533.0,27543.0
261,2020-11-28,2242633.0,27100.0
262,2020-11-29,2269316.0,26683.0
263,2020-11-30,2295654.0,26338.0
264,2020-12-01,2322056.0,26402.0
265,2020-12-02,2347401.0,25345.0
266,2020-12-03,2375546.0,28145.0
267,2020-12-04,2402949.0,27403.0
268,2020-12-05,2431731.0,28782.0
269,2020-12-06,2460770.0,29039.0
270,2020-12-07,2488912.0,28142.0
271,2020-12-08,2515009.0,26097.0
272,2020-12-09,2541199.0,26190.0
273,2020-12-10,2569126.0,27927.0
274,2020-12-11,2597711.0,28585.0
275,2020-12-12,2625848.0,28137.0
276,2020-12-13,2653928.0,28080.0
277,2020-12-14,2681256.0,27328.0
278,2020-12-15,2707945.0,26689.0
279,2020-12-16,2734454.0,26509.0
280,2020-12-17,2762668.0,28214.0
281,2020-12-18,2791220.0,28552.0
282,2020-12-19,2819429.0,28209.0
283,2020-12-20,2848377.0,28948.0
284,2020-12-21,2877727.0,29350.0
285,2020-12-22,2906503.0,28776.0
286,2020-12-23,2933753.0,27250.0
287,2020-12-24,2963688.0,29935.0
288,2020-12-25,2992706.0,29018.0
289,2020-12-26,3021964.0,29258.0
290,2020-12-27,3050248.0,28284.0
291,2020-12-28,3078035.0,27787.0
292,2020-12-29,3105037.0,27002.0
293,2020-12-30,3131550.0,26513.0
294,2020-12-31,3159297.0,27747.0
295,2021-01-01,3186336.0,27039.0
296,2021-01-02,3212637.0,26301.0
297,2021-01-03,3236787.0,24150.0
298,2021-01-04,3260138.0,23351.0
299,2021-01-05,3284384.0,24246.0
300,2021-01-06,3308601.0,24217.0
301,2021-01-07,3332142.0,23541.0
302,2021-01-08,3355794.0,23652.0
303,2021-01-09,3379103.0,23309.0
304,2021-01-10,3401954.0,22851.0
305,2021-01-11,3425269.0,23315.0
306,2021-01-12,3448203.0,22934.0
307,2021-01-13,3471053.0,22850.0
308,2021-01-14,3495816.0,24763.0
309,2021-01-15,3520531.0,24715.0
310,2021-01-16,3544623.0,24092.0
311,2021-01-17,3568209.0,23586.0
312,2021-01-18,3591066.0,22857.0
313,2021-01-19,3612800.0,21734.0
314,2021-01-20,3633952.0,21152.0
315,2021-01-21,3655839.0,21887.0
316,2021-01-22,3677352.0,21513.0
317,2021-01-23,3698273.0,20921.0
318,2021-01-24,3719400.0,21127.0
319,2021-01-25,3738690.0,19290.0
320,2021-01-26,3756931.0,18241.0
321,2021-01-27,3774672.0,17741.0
322,2021-01-28,3793810.0,19138.0
323,2021-01-29,3813048.0,19238.0
324,2021-01-30,3832080.0,19032.0
325,2021-01-31,3850439.0,18359.0
326,2021-02-01,3868087.0,17648.0
327,2021-02-02,3884730.0,16643.0
328,2021-02-03,3901204.0,16474.0
329,2021-02-04,3917918.0,16714.0
330,2021-02-05,3934606.0,16688.0
331,2021-02-06,3951233.0,16627.0
332,2021-02-07,3967281.0,16048.0
333,2021-02-08,3983197.0,15916.0
334,2021-02-09,3998216.0,15019.0
335,2021-02-10,4012710.0,14494.0
336,2021-02-11,4027748.0,15038.0
337,2021-02-12,4042837.0,15089.0
338,2021-02-13,4057698.0,14861.0
339,2021-02-14,4071883.0,14185.0
340,2021-02-15,4086090.0,14207.0
341,2021-02-16,4099323.0,13233.0
342,2021-02-17,4112151.0,12828.0
343,2021-02-18,4125598.0,13447.0
344,2021-02-19,4139031.0,13433.0
345,2021-02-20,4151984.0,12953.0
346,2021-02-21,4164726.0,12742.0
347,2021-02-22,4177330.0,12604.0
348,2021-02-23,4189153.0,11823.0
349,2021-02-24,4200902.0,11749.0
350,2021-02-25,4212100.0,11198.0
351,2021-02-26,4223186.0,11086.0
352,2021-02-27,4234720.0,11534.0
353,2021-02-28,4246079.0,11359.0
354,2021-03-01,4257650.0,11571.0
355,2021-03-02,4268215.0,10565.0
356,2021-03-03,4278750.0,10535.0
357,2021-03-04,4290135.0,11385.0
358,2021-03-05,4301159.0,11024.0
359,2021-03-06,4312181.0,11022.0
360,2021-03-07,4322776.0,10595.0
361,2021-03-08,4333029.0,10253.0
362,2021-03-09,4342474.0,9445.0
363,2021-03-10,4351553.0,9079.0
364,2021-03-11,4360823.0,9270.0
365,2021-03-12,4370617.0,9794.0
366,2021-03-13,4380525.0,9908.0
367,2021-03-14,4390608.0,10083.0
368,2021-03-15,4400045.0,9437.0
369,2021-03-16,4409438.0,9393.0
370,2021-03-17,4418436.0,8998.0
371,2021-03-18,4428239.0,9803.0
372,2021-03-19,4437938.0,9699.0
373,2021-03-20,4447570.0,9632.0
374,2021-03-21,4456869.0,9299.0
375,2021-03-22,4466153.0,9284.0
376,2021-03-23,4474610.0,8457.0
377,2021-03-24,4483471.0,8861.0
378,2021-03-25,4492692.0,9221.0
379,2021-03-26,4501859.0,9167.0
380,2021-03-27,4510744.0,8885.0
381,2021-03-28,4519832.0,9088.0
382,2021-03-29,4528543.0,8711.0
383,2021-03-30,4536820.0,8277.0
384,2021-03-31,4545095.0,8275.0
385,2021-04-01,4554264.0,9169.0
386,2021-04-02,4563056.0,8792.0
387,2021-04-03,4572077.0,9021.0
388,2021-04-04,4580894.0,8817.0
389,2021-04-05,4589540.0,8646.0
390,2021-04-06,4597868.0,8328.0
391,2021-04-07,4606162.0,8294.0
392,2021-04-08,4614834.0,8672.0
393,2021-04-09,4623984.0,9150.0
394,2021-04-10,4632688.0,8704.0
395,2021-04-11,4641390.0,8702.0
396,2021-04-12,4649710.0,8320.0
397,2021-04-13,4657883.0,8173.0
398,2021-04-14,4666209.0,8326.0
399,2021-04-15,4675153.0,8944.0
400,2021-04-16,4684148.0,8995.0
401,2021-04-17,4693469.0,9321.0
402,2021-04-18,4702101.0,8632.0
403,2021-04-19,4710690.0,8589.0
404,2021-04-20,4718854.0,8164.0
405,2021-04-21,4727125.0,8271.0
406,2021-04-22,4736121.0,8996.0
407,2021-04-23,4744961.0,8840.0
408,2021-04-24,4753789.0,8828.0
409,2021-04-25,4762569.0,8780.0
410,2021-04-26,4771372.0,8803.0
411,2021-04-27,4779425.0,8053.0
412,2021-04-28,4787273.0,7848.0
413,2021-04-29,4796557.0,9284.0
414,2021-04-30,4805288.0,8731.0
415,2021-05-01,4814558.0,9270.0
416,2021-05-02,4823255.0,8697.0
417,2021-05-03,4831744.0,8489.0
418,2021-05-04,4839514.0,7770.0
419,2021-05-05,4847489.0,7975.0
420,2021-05-06,4855128.0,7639.0
421,2021-05-07,4863514.0,8386.0
422,2021-05-08,4871843.0,8329.0
423,2021-05-09,4880262.0,8419.0
424,2021-05-10,4888727.0,8465.0
425,2021-05-11,4896842.0,8115.0
426,2021-05-12,4905059.0,8217.0
427,2021-05-13,4913439.0,8380.0
428,2021-05-14,4922901.0,9462.0
429,2021-05-15,4931691.0,8790.0
430,2021-05-16,4940245.0,8554.0
431,2021-05-17,4949573.0,9328.0
432,2021-05-18,4957756.0,8183.0
433,2021-05-19,4965676.0,7920.0
434,2021-05-20,4974908.0,9232.0
435,2021-05-21,4983845.0,8937.0
436,2021-05-22,4992554.0,8709.0
437,2021-05-23,5001505.0,8951.0
438,2021-05-24,5009911.0,8406.0
439,2021-05-25,5017795.0,7884.0
440,2021-05-26,5026168.0,8373.0
441,2021-05-27,5035207.0,9039.0
442,2021-05-28,5044459.0,9252.0
443,2021-05-29,5053748.0,9289.0
444,2021-05-30,5063442.0,9694.0
445,2021-05-31,5071917.0,8475.0
446,2021-06-01,5081417.0,9500.0
447,2021-06-02,5090249.0,8832.0
448,2021-06-03,5099182.0,8933.0
449,2021-06-04,5108129.0,8947.0
450,2021-06-05,5117274.0,9145.0
451,2021-06-06,5126437.0,9163.0
452,2021-06-07,5135866.0,9429.0
453,2021-06-08,5145843.0,9977.0
454,2021-06-09,5156250.0,10407.0
455,2021-06-10,5167949.0,11699.0
456,2021-06-11,5180454.0,12505.0
457,2021-06-12,5193964.0,13510.0
458,2021-06-13,5208687.0,14723.0
459,2021-06-14,5222408.0,13721.0
460,2021-06-15,5236593.0,14185.0
461,2021-06-16,5249990.0,13397.0
462,2021-06-17,5264047.0,14057.0
463,2021-06-18,5281309.0,17262.0
464,2021-06-19,5299215.0,17906.0
465,2021-06-20,5316826.0,17611.0
466,2021-06-21,5334204.0,17378.0
467,2021-06-22,5350919.0,16715.0
468,2021-06-23,5368513.0,17594.0
469,2021-06-24,5388695.0,20182.0
470,2021-06-25,5409088.0,20393.0
471,2021-06-26,5430753.0,21665.0
472,2021-06-27,5451291.0,20538.0
473,2021-06-28,5472941.0,21650.0
474,2021-06-29,5493557.0,20616.0
475,2021-06-30,5514599.0,21042.0
476,2021-07-01,5538142.0,23543.0
477,2021-07-02,5561360.0,23218.0
478,2021-07-03,5585799.0,24439.0
479,2021-07-04,5610941.0,25142.0
480,2021-07-05,5635294.0,24353.0
481,2021-07-06,5658672.0,23378.0
482,2021-07-07,5682634.0,23962.0
483,2021-07-08,5707452.0,24818.0
484,2021-07-09,5733218.0,25766.0
485,2021-07-10,5758300.0,25082.0
486,2021-07-11,5783333.0,25033.0
487,2021-07-12,5808473.0,25140.0
488,2021-07-13,5833175.0,24702.0
489,2021-07-14,5857002.0,23827.0
490,2021-07-15,5882295.0,25293.0
491,2021-07-16,5907999.0,25704.0
492,2021-07-17,5933115.0,25116.0
493,2021-07-18,5958133.0,25018.0
494,2021-07-19,5982766.0,24633.0
495,2021-07-20,6006536.0,23770.0
496,2021-07-21,6030240.0,23704.0
497,2021-07-22,6054711.0,24471.0
498,2021-07-23,6078522.0,23811.0
499,2021-07-24,6102469.0,23947.0
500,2021-07-25,6126541.0,24072.0
501,2021-07-26,6149780.0,23239.0
502,2021-07-27,6172812.0,23032.0
503,2021-07-28,6195232.0,22420.0
504,2021-07-29,6218502.0,23270.0
505,2021-07-30,6242066.0,23564.0
506,2021-07-31,6265873.0,23807.0
507,2021-08-01,6288677.0,22804.0
508,2021-08-02,6312185.0,23508.0
509,2021-08-03,6334195.0,22010.0
510,2021-08-04,6356784.0,22589.0
511,2021-08-05,6379904.0,23120.0
512,2021-08-06,6402564.0,22660.0
513,2021-08-07,6424884.0,22320.0
514,2021-08-08,6447750.0,22866.0
515,2021-08-09,6469910.0,22160.0
516,2021-08-10,6491288.0,21378.0
517,2021-08-11,6512859.0,21571.0
518,2021-08-12,6534791.0,21932.0
519,2021-08-13,6557068.0,22277.0
520,2021-08-14,6579212.0,22144.0
521,2021-08-15,6600836.0,21624.0
522,2021-08-16,6621601.0,20765.0
523,2021-08-17,6642559.0,20958.0
524,2021-08-18,6663473.0,20914.0
525,2021-08-19,6684531.0,21058.0
526,2021-08-20,6705523.0,20992.0
527,2021-08-21,6726523.0,21000.0
528,2021-08-22,6747087.0,20564.0
529,2021-08-23,6766541.0,19454.0
530,2021-08-24,6785374.0,18833.0
531,2021-08-25,6804910.0,19536.0
532,2021-08-26,6824540.0,19630.0
533,2021-08-27,6844049.0,19509.0
534,2021-08-28,6863541.0,19492.0
535,2021-08-29,6882827.0,19286.0
536,2021-08-30,6901152.0,18325.0
537,2021-08-31,6918965.0,17813.0
538,2021-09-01,6937333.0,18368.0
539,2021-09-02,6956318.0,18985.0
540,2021-09-03,6975174.0,18856.0
541,2021-09-04,6993954.0,18780.0
542,2021-09-05,7012599.0,18645.0
543,2021-09-06,7030455.0,17856.0
544,2021-09-07,7047880.0,17425.0
545,2021-09-08,7065904.0,18024.0
546,2021-09-09,7084284.0,18380.0
547,2021-09-10,7102625.0,18341.0
548,2021-09-11,7121516.0,18891.0
549,2021-09-12,7140070.0,18554.0
550,2021-09-13,7158248.0,18178.0
551,2021-09-14,7176085.0,17837.0
552,2021-09-15,7194926.0,18841.0
553,2021-09-16,7214520.0,19594.0
554,2021-09-17,7234425.0,19905.0
555,2021-09-18,7254754.0,20329.0
556,2021-09-19,7274928.0,20174.0
557,2021-09-20,7294672.0,19744.0
558,2021-09-21,7313851.0,19179.0
559,2021-09-22,7333557.0,19706.0
560,2021-09-23,7354995.0,21438.0
561,2021-09-24,7376374.0,21379.0
562,2021-09-25,7398415.0,22041.0
563,2021-09-26,7420913.0,22498.0
564,2021-09-27,7443149.0,22236.0
565,2021-09-28,7464708.0,21559.0
566,2021-09-29,7487138.0,22430.0
567,2021-09-30,7511026.0,23888.0
568,2021-10-01,7535548.0,24522.0
569,2021-10-02,7560767.0,25219.0
570,2021-10-03,7586536.0,25769.0
571,2021-10-04,7612317.0,25781.0
572,2021-10-05,7637427.0,25110.0
573,2021-10-06,7662560.0,25133.0
574,2021-10-07,7690110.0,27550.0
575,2021-10-08,7717356.0,27246.0
576,2021-10-09,7746718.0,29362.0
577,2021-10-10,7775365.0,28647.0
578,2021-10-11,7804774.0,29409.0
579,2021-10-12,7832964.0,28190.0
580,2021-10-13,7861681.0,28717.0
581,2021-10-14,7892980.0,31299.0
582,2021-10-15,7925176.0,32196.0
583,2021-10-16,7958384.0,33208.0
584,2021-10-17,7992687.0,34303.0
585,2021-10-18,8027012.0,34325.0
586,2021-10-19,8060752.0,33740.0
587,2021-10-20,8094825.0,34073.0
588,2021-10-21,8131164.0,36339.0
589,2021-10-22,8168305.0,37141.0
590,2021-10-23,8205983.0,37678.0
591,2021-10-24,8241643.0,35660.0
592,2021-10-25,8279573.0,37930.0
593,2021-10-26,8316019.0,36446.0
594,2021-10-27,8352601.0,36582.0
595,2021-10-28,8392697.0,40096.0
596,2021-10-29,8432546.0,39849.0
597,2021-10-30,8472797.0,40251.0
598,2021-10-31,8513790.0,40993.0
599,2021-11-01,8554192.0,40402.0
600,2021-11-02,8593200.0,39008.0
601,2021-11-03,8633643.0,40443.0
602,2021-11-04,8673860.0,40217.0
603,2021-11-05,8714595.0,40735.0
604,2021-11-06,8755930.0,41335.0
605,2021-11-07,8795095.0,39165.0
606,2021-11-08,8834495.0,39400.0
607,2021-11-09,8873655.0,39160.0
608,2021-11-10,8911713.0,38058.0
609,2021-11-11,8952472.0,40759.0
610,2021-11-12,8992595.0,40123.0
611,2021-11-13,9031851.0,39256.0
612,2021-11-14,9070674.0,38823.0
613,2021-11-15,9109094.0,38420.0
614,2021-11-16,9145912.0,36818.0
615,2021-11-17,9182538.0,36626.0
616,2021-11-18,9219912.0,37374.0
617,2021-11-19,9257068.0,37156.0
618,2021-11-20,9294188.0,37120.0
619,2021-11-21,9331158.0,36970.0
620,2021-11-22,9366839.0,35681.0
621,2021-11-23,9400835.0,33996.0
622,2021-11-24,9434393.0,33558.0
623,2021-11-25,9468189.0,33796.0
624,2021-11-26,9502879.0,34690.0
625,2021-11-27,9536825.0,33946.0
626,2021-11-28,9570373.0,33548.0
627,2021-11-29,9604233.0,33860.0
628,2021-11-30,9636881.0,32648.0
629,2021-12-01,9669718.0,32837.0
630,2021-12-02,9703107.0,33389.0
631,2021-12-03,9736037.0,32930.0
632,2021-12-04,9769011.0,32974.0
633,2021-12-05,9801613.0,32602.0
634,2021-12-06,9833749.0,32136.0
635,2021-12-07,9864845.0,31096.0
636,2021-12-08,9895597.0,30752.0
637,2021-12-09,9925806.0,30209.0
638,2021-12-10,9956679.0,30873.0
639,2021-12-11,9986967.0,30288.0
640,2021-12-12,10016896.0,29929.0
641,2021-12-13,10046454.0,29558.0
642,2021-12-14,10074797.0,28343.0
643,2021-12-15,10103160.0,28363.0
644,2021-12-16,10131646.0,28486.0
645,2021-12-17,10159389.0,27743.0
646,2021-12-18,10186823.0,27434.0
647,2021-12-19,10214790.0,27967.0
648,2021-12-20,10241812.0,27022.0
649,2021-12-21,10267719.0,25907.0
650,2021-12-22,10292983.0,25264.0
651,2021-12-23,10318650.0,25667.0
652,2021-12-24,10343353.0,24703.0
653,2021-12-25,10368299.0,24946.0
654,2021-12-26,10392020.0,23721.0
655,2021-12-27,10415230.0,23210.0
656,2021-12-28,10437152.0,21922.0
657,2021-12-29,10458271.0,21119.0
658,2021-12-30,10479344.0,21073.0
659,2021-12-31,10499982.0,20638.0
660,2022-01-01,10519733.0,19751.0
661,2022-01-02,10537966.0,18233.0
662,2022-01-03,10554309.0,16343.0
663,2022-01-04,10570212.0,15903.0
664,2022-01-05,10585984.0,15772.0
665,2022-01-06,10601300.0,15316.0
666,2022-01-07,10618035.0,16735.0
667,2022-01-08,10634603.0,16568.0
668,2022-01-09,10650849.0,16246.0
669,2022-01-10,10666679.0,15830.0
670,2022-01-11,10684204.0,17525.0
671,2022-01-12,10702150.0,17946.0
672,2022-01-13,10723305.0,21155.0
673,2022-01-14,10747125.0,23820.0
674,2022-01-15,10774304.0,27179.0
675,2022-01-16,10803534.0,29230.0
676,2022-01-17,10834260.0,30726.0
677,2022-01-18,10865512.0,31252.0
678,2022-01-19,10899411.0,33899.0
679,2022-01-20,10938261.0,38850.0
680,2022-01-21,10987774.0,49513.0
681,2022-01-22,11044986.0,57212.0
682,2022-01-23,11108191.0,63205.0
683,2022-01-24,11173300.0,65109.0
684,2022-01-25,11241109.0,67809.0
685,2022-01-26,11315801.0,74692.0
686,2022-01-27,11404617.0,88816.0
687,2022-01-28,11502657.0,98040.0
688,2022-01-29,11615779.0,113122.0
689,2022-01-30,11737007.0,121228.0
690,2022-01-31,11861077.0,124070.0
691,2022-02-01,11986913.0,125836.0
692,2022-02-02,12128796.0,141883.0
693,2022-02-03,12284564.0,155768.0
694,2022-02-04,12452765.0,168201.0
695,2022-02-05,12630047.0,177282.0
696,2022-02-06,12810118.0,180071.0
697,2022-02-07,12982023.0,171905.0
698,2022-02-08,13147666.0,165643.0
699,2022-02-09,13330769.0,183103.0
700,2022-02-10,13527845.0,197076.0
701,2022-02-11,13731794.0,203949.0
702,2022-02-12,13935560.0,203766.0
703,2022-02-13,14133509.0,197949.0
704,2022-02-14,14313965.0,180456.0
705,2022-02-15,14480596.0,166631.0
706,2022-02-16,14659880.0,179284.0
707,2022-02-17,14840502.0,180622.0
708,2022-02-18,15020573.0,180071.0
709,2022-02-19,15199720.0,179147.0
710,2022-02-20,15370419.0,170699.0
711,2022-02-21,15522756.0,152337.0
712,2022-02-22,15657928.0,135172.0
713,2022-02-23,15795570.0,137642.0
714,2022-02-24,15928568.0,132998.0
715,2022-02-25,16052028.0,123460.0
716,2022-02-26,16175023.0,122995.0
717,2022-02-27,16291116.0,116093.0
718,2022-02-28,16398036.0,106920.0
719,2022-03-01,16495369.0,97333.0
720,2022-03-02,16592824.0,97455.0
721,2022-03-03,16685850.0,93026.0
722,2022-03-04,16775024.0,89174.0
723,2022-03-05,16861793.0,86769.0
724,2022-03-06,16941656.0,79863.0
725,2022-03-07,17014818.0,73162.0
726,2022-03-08,17081394.0,66576.0
727,2022-03-09,17140069.0,58675.0
728,2022-03-10,17191300.0,51231.0
729,2022-03-11,17242043.0,50743.0
730,2022-03-12,17290197.0,48154.0
731,2022-03-13,17335186.0,44989.0
732,2022-03-14,17376241.0,41055.0
733,2022-03-15,17412919.0,36678.0
734,2022-03-16,17449438.0,36519.0
735,2022-03-17,17484257.0,34819.0
736,2022-03-18,17518699.0,34442.0
737,2022-03-19,17551657.0,32958.0
738,2022-03-20,17582692.0,31035.0
739,2022-03-21,17611401.0,28709.0
740,2022-03-22,17637795.0,26394.0
741,2022-03-23,17664621.0,26826.0
